{
  "w_struct": 0.3448275862068965,
  "w_k": 0.17241379310344826,
  "w_dep": 0.2298850574712644,
  "w_test": 0.1149425287356322,
  "w_perf": 0.1149425287356322,
  "w_j": 0.022988505747126436
}