{
  "w_struct": 0.4022988505747126,
  "w_k": 0.17241379310344826,
  "w_dep": 0.1149425287356322,
  "w_test": 0.2298850574712644,
  "w_perf": 0.0574712643678161,
  "w_j": 0.022988505747126436
}